"Epochs","Average interpolated difference","Average SR differece"
"0","0.088653035","0.14304161"
"5","0.088653035","0.091076285"
"10","0.088653035","0.09050036"
