"Epochs","Average interpolated difference","Average SR differece"
"0","0.0277194","0.0281756"
"2","0.0277194","0.028"
"4","0.0277194","0.0280059"
"6","0.0277194","0.0273443"
"8","0.0277194","0.026875"
